,0,1,2
0,"COL article_title VAL [Evaluation of treatment outcomes in tuberculosis of knee and hip joints in 2005-2012]. COL article_language VAL cze COL journal_title VAL Paliativn_ Schanzova osteotomie p_i nereponibiln_ luxaci kyeln_ho kloubu u pacient s d_tskou mozkovou obrnou v adolescentn_m v_u COL jounral_abbreviation VAL  COL journal_issn VAL 15-Jan COL article_jvolumn VAL 80 COL article_jissue VAL 4 COL article_jcreated_at VAL 1/13/01 COL article_pagination VAL 256-62 COL author_list VAL {""D Chochol"",""R Chaloupka"",""B Kala"",""J Gallo"",""M Netval""} ",COL article_title VAL [Evaluation of treatment outcomes in tuberculosis of knee and hip joints in 2005-2012]. ,0
1,"COL article_title VAL [Evaluation of treatment outcomes in tuberculosis of knee and hip joints in 2005-2012]. COL article_language VAL cze COL journal_title VAL Paliativn�_ Schanzova osteotomie p��i nereponibiln�_ luxaci ky��eln�_ho kloubu u pacient�� s d��tskou mozkovou obrnou v adolescentn�_m v��u COL jounral_abbreviation VAL  COL journal_issn VAL Jan-15 COL article_jvolumn VAL 80 COL article_jissue VAL 4 COL article_jcreated_at VAL 1/1/13 COL article_pagination VAL 256-62 COL author_list VAL {""D Chochol���"",""R Chaloupka"",""B Kala"",""J Gallo"",""M Netval""} ",COL article_title VAL [Evaluation of treatment outcomes in tuberculosis of knee and hip joints in 2005-2012]. ,0
2,"COL article_title VAL [Evaluation of treatment outcomes in tuberculosis of knee and hip joints in 2005-2012]. COL article_language VAL cze COL journal_title VAL Paliativn_ Schanzova osteotomie p_i nereponibiln_ luxaci kyeln_ho kloubu u pacient s d_tskou mozkovou obrnou v adolescentn_m v_u COL jounral_abbreviation VAL  COL journal_issn VAL 15-Jan COL article_jvolumn VAL 80 COL article_jissue VAL 4 COL article_jcreated_at VAL 1/13/01 COL article_pagination VAL 256-62 COL author_list VAL {""D Chochol"",""R Chaloupka"",""B Kala"",""J Gallo"",""M Netval""} ",COL article_language VAL cze ,0
3,"COL article_title VAL [Evaluation of treatment outcomes in tuberculosis of knee and hip joints in 2005-2012]. COL article_language VAL cze COL journal_title VAL Paliativn�_ Schanzova osteotomie p��i nereponibiln�_ luxaci ky��eln�_ho kloubu u pacient�� s d��tskou mozkovou obrnou v adolescentn�_m v��u COL jounral_abbreviation VAL  COL journal_issn VAL Jan-15 COL article_jvolumn VAL 80 COL article_jissue VAL 4 COL article_jcreated_at VAL 1/1/13 COL article_pagination VAL 256-62 COL author_list VAL {""D Chochol���"",""R Chaloupka"",""B Kala"",""J Gallo"",""M Netval""} ",COL article_language VAL cze ,0
4,"COL article_title VAL [Evaluation of treatment outcomes in tuberculosis of knee and hip joints in 2005-2012]. COL article_language VAL cze COL journal_title VAL Paliativn�_ Schanzova osteotomie p��i nereponibiln�_ luxaci ky��eln�_ho kloubu u pacient�� s d��tskou mozkovou obrnou v adolescentn�_m v��u COL jounral_abbreviation VAL  COL journal_issn VAL Jan-15 COL article_jvolumn VAL 80 COL article_jissue VAL 4 COL article_jcreated_at VAL 1/1/13 COL article_pagination VAL 256-62 COL author_list VAL {""D Chochol���"",""R Chaloupka"",""B Kala"",""J Gallo"",""M Netval""} ",COL journal_title VAL Paliativn�_ Schanzova osteotomie p��i nereponibiln�_ luxaci ky��eln�_ho kloubu u pacient�� s d��tskou mozkovou obrnou v adolescentn�_m v��u ,1
5,"COL article_title VAL [Evaluation of treatment outcomes in tuberculosis of knee and hip joints in 2005-2012]. COL article_language VAL cze COL journal_title VAL Paliativn_ Schanzova osteotomie p_i nereponibiln_ luxaci kyeln_ho kloubu u pacient s d_tskou mozkovou obrnou v adolescentn_m v_u COL jounral_abbreviation VAL  COL journal_issn VAL 15-Jan COL article_jvolumn VAL 80 COL article_jissue VAL 4 COL article_jcreated_at VAL 1/13/01 COL article_pagination VAL 256-62 COL author_list VAL {""D Chochol"",""R Chaloupka"",""B Kala"",""J Gallo"",""M Netval""} ",COL journal_title VAL Paliativn_ Schanzova osteotomie p_i nereponibiln_ luxaci kyeln_ho kloubu u pacient s d_tskou mozkovou obrnou v adolescentn_m v_u ,0
6,"COL article_title VAL [Evaluation of treatment outcomes in tuberculosis of knee and hip joints in 2005-2012]. COL article_language VAL cze COL journal_title VAL Paliativn_ Schanzova osteotomie p_i nereponibiln_ luxaci kyeln_ho kloubu u pacient s d_tskou mozkovou obrnou v adolescentn_m v_u COL jounral_abbreviation VAL  COL journal_issn VAL 15-Jan COL article_jvolumn VAL 80 COL article_jissue VAL 4 COL article_jcreated_at VAL 1/13/01 COL article_pagination VAL 256-62 COL author_list VAL {""D Chochol"",""R Chaloupka"",""B Kala"",""J Gallo"",""M Netval""} ",COL jounral_abbreviation VAL  ,0
7,"COL article_title VAL [Evaluation of treatment outcomes in tuberculosis of knee and hip joints in 2005-2012]. COL article_language VAL cze COL journal_title VAL Paliativn�_ Schanzova osteotomie p��i nereponibiln�_ luxaci ky��eln�_ho kloubu u pacient�� s d��tskou mozkovou obrnou v adolescentn�_m v��u COL jounral_abbreviation VAL  COL journal_issn VAL Jan-15 COL article_jvolumn VAL 80 COL article_jissue VAL 4 COL article_jcreated_at VAL 1/1/13 COL article_pagination VAL 256-62 COL author_list VAL {""D Chochol���"",""R Chaloupka"",""B Kala"",""J Gallo"",""M Netval""} ",COL jounral_abbreviation VAL  ,0
8,"COL article_title VAL [Evaluation of treatment outcomes in tuberculosis of knee and hip joints in 2005-2012]. COL article_language VAL cze COL journal_title VAL Paliativn�_ Schanzova osteotomie p��i nereponibiln�_ luxaci ky��eln�_ho kloubu u pacient�� s d��tskou mozkovou obrnou v adolescentn�_m v��u COL jounral_abbreviation VAL  COL journal_issn VAL Jan-15 COL article_jvolumn VAL 80 COL article_jissue VAL 4 COL article_jcreated_at VAL 1/1/13 COL article_pagination VAL 256-62 COL author_list VAL {""D Chochol���"",""R Chaloupka"",""B Kala"",""J Gallo"",""M Netval""} ",COL journal_issn VAL Jan-15 ,1
9,"COL article_title VAL [Evaluation of treatment outcomes in tuberculosis of knee and hip joints in 2005-2012]. COL article_language VAL cze COL journal_title VAL Paliativn_ Schanzova osteotomie p_i nereponibiln_ luxaci kyeln_ho kloubu u pacient s d_tskou mozkovou obrnou v adolescentn_m v_u COL jounral_abbreviation VAL  COL journal_issn VAL 15-Jan COL article_jvolumn VAL 80 COL article_jissue VAL 4 COL article_jcreated_at VAL 1/13/01 COL article_pagination VAL 256-62 COL author_list VAL {""D Chochol"",""R Chaloupka"",""B Kala"",""J Gallo"",""M Netval""} ",COL journal_issn VAL 15-Jan ,0
10,"COL article_title VAL [Evaluation of treatment outcomes in tuberculosis of knee and hip joints in 2005-2012]. COL article_language VAL cze COL journal_title VAL Paliativn_ Schanzova osteotomie p_i nereponibiln_ luxaci kyeln_ho kloubu u pacient s d_tskou mozkovou obrnou v adolescentn_m v_u COL jounral_abbreviation VAL  COL journal_issn VAL 15-Jan COL article_jvolumn VAL 80 COL article_jissue VAL 4 COL article_jcreated_at VAL 1/13/01 COL article_pagination VAL 256-62 COL author_list VAL {""D Chochol"",""R Chaloupka"",""B Kala"",""J Gallo"",""M Netval""} ",COL article_jvolumn VAL 80 ,0
11,"COL article_title VAL [Evaluation of treatment outcomes in tuberculosis of knee and hip joints in 2005-2012]. COL article_language VAL cze COL journal_title VAL Paliativn�_ Schanzova osteotomie p��i nereponibiln�_ luxaci ky��eln�_ho kloubu u pacient�� s d��tskou mozkovou obrnou v adolescentn�_m v��u COL jounral_abbreviation VAL  COL journal_issn VAL Jan-15 COL article_jvolumn VAL 80 COL article_jissue VAL 4 COL article_jcreated_at VAL 1/1/13 COL article_pagination VAL 256-62 COL author_list VAL {""D Chochol���"",""R Chaloupka"",""B Kala"",""J Gallo"",""M Netval""} ",COL article_jvolumn VAL 80 ,0
12,"COL article_title VAL [Evaluation of treatment outcomes in tuberculosis of knee and hip joints in 2005-2012]. COL article_language VAL cze COL journal_title VAL Paliativn_ Schanzova osteotomie p_i nereponibiln_ luxaci kyeln_ho kloubu u pacient s d_tskou mozkovou obrnou v adolescentn_m v_u COL jounral_abbreviation VAL  COL journal_issn VAL 15-Jan COL article_jvolumn VAL 80 COL article_jissue VAL 4 COL article_jcreated_at VAL 1/13/01 COL article_pagination VAL 256-62 COL author_list VAL {""D Chochol"",""R Chaloupka"",""B Kala"",""J Gallo"",""M Netval""} ",COL article_jissue VAL 4 ,0
13,"COL article_title VAL [Evaluation of treatment outcomes in tuberculosis of knee and hip joints in 2005-2012]. COL article_language VAL cze COL journal_title VAL Paliativn�_ Schanzova osteotomie p��i nereponibiln�_ luxaci ky��eln�_ho kloubu u pacient�� s d��tskou mozkovou obrnou v adolescentn�_m v��u COL jounral_abbreviation VAL  COL journal_issn VAL Jan-15 COL article_jvolumn VAL 80 COL article_jissue VAL 4 COL article_jcreated_at VAL 1/1/13 COL article_pagination VAL 256-62 COL author_list VAL {""D Chochol���"",""R Chaloupka"",""B Kala"",""J Gallo"",""M Netval""} ",COL article_jissue VAL 4 ,0
14,"COL article_title VAL [Evaluation of treatment outcomes in tuberculosis of knee and hip joints in 2005-2012]. COL article_language VAL cze COL journal_title VAL Paliativn�_ Schanzova osteotomie p��i nereponibiln�_ luxaci ky��eln�_ho kloubu u pacient�� s d��tskou mozkovou obrnou v adolescentn�_m v��u COL jounral_abbreviation VAL  COL journal_issn VAL Jan-15 COL article_jvolumn VAL 80 COL article_jissue VAL 4 COL article_jcreated_at VAL 1/1/13 COL article_pagination VAL 256-62 COL author_list VAL {""D Chochol���"",""R Chaloupka"",""B Kala"",""J Gallo"",""M Netval""} ",COL article_jcreated_at VAL 1/1/13 ,1
15,"COL article_title VAL [Evaluation of treatment outcomes in tuberculosis of knee and hip joints in 2005-2012]. COL article_language VAL cze COL journal_title VAL Paliativn_ Schanzova osteotomie p_i nereponibiln_ luxaci kyeln_ho kloubu u pacient s d_tskou mozkovou obrnou v adolescentn_m v_u COL jounral_abbreviation VAL  COL journal_issn VAL 15-Jan COL article_jvolumn VAL 80 COL article_jissue VAL 4 COL article_jcreated_at VAL 1/13/01 COL article_pagination VAL 256-62 COL author_list VAL {""D Chochol"",""R Chaloupka"",""B Kala"",""J Gallo"",""M Netval""} ",COL article_jcreated_at VAL 1/13/01 ,0
16,"COL article_title VAL [Evaluation of treatment outcomes in tuberculosis of knee and hip joints in 2005-2012]. COL article_language VAL cze COL journal_title VAL Paliativn_ Schanzova osteotomie p_i nereponibiln_ luxaci kyeln_ho kloubu u pacient s d_tskou mozkovou obrnou v adolescentn_m v_u COL jounral_abbreviation VAL  COL journal_issn VAL 15-Jan COL article_jvolumn VAL 80 COL article_jissue VAL 4 COL article_jcreated_at VAL 1/13/01 COL article_pagination VAL 256-62 COL author_list VAL {""D Chochol"",""R Chaloupka"",""B Kala"",""J Gallo"",""M Netval""} ",COL article_pagination VAL 256-62 ,0
17,"COL article_title VAL [Evaluation of treatment outcomes in tuberculosis of knee and hip joints in 2005-2012]. COL article_language VAL cze COL journal_title VAL Paliativn�_ Schanzova osteotomie p��i nereponibiln�_ luxaci ky��eln�_ho kloubu u pacient�� s d��tskou mozkovou obrnou v adolescentn�_m v��u COL jounral_abbreviation VAL  COL journal_issn VAL Jan-15 COL article_jvolumn VAL 80 COL article_jissue VAL 4 COL article_jcreated_at VAL 1/1/13 COL article_pagination VAL 256-62 COL author_list VAL {""D Chochol���"",""R Chaloupka"",""B Kala"",""J Gallo"",""M Netval""} ",COL article_pagination VAL 256-62 ,0
18,"COL article_title VAL [Evaluation of treatment outcomes in tuberculosis of knee and hip joints in 2005-2012]. COL article_language VAL cze COL journal_title VAL Paliativn�_ Schanzova osteotomie p��i nereponibiln�_ luxaci ky��eln�_ho kloubu u pacient�� s d��tskou mozkovou obrnou v adolescentn�_m v��u COL jounral_abbreviation VAL  COL journal_issn VAL Jan-15 COL article_jvolumn VAL 80 COL article_jissue VAL 4 COL article_jcreated_at VAL 1/1/13 COL article_pagination VAL 256-62 COL author_list VAL {""D Chochol���"",""R Chaloupka"",""B Kala"",""J Gallo"",""M Netval""} ","COL author_list VAL {""D Chochol���"",""R Chaloupka"",""B Kala"",""J Gallo"",""M Netval""} ",1
19,"COL article_title VAL [Evaluation of treatment outcomes in tuberculosis of knee and hip joints in 2005-2012]. COL article_language VAL cze COL journal_title VAL Paliativn_ Schanzova osteotomie p_i nereponibiln_ luxaci kyeln_ho kloubu u pacient s d_tskou mozkovou obrnou v adolescentn_m v_u COL jounral_abbreviation VAL  COL journal_issn VAL 15-Jan COL article_jvolumn VAL 80 COL article_jissue VAL 4 COL article_jcreated_at VAL 1/13/01 COL article_pagination VAL 256-62 COL author_list VAL {""D Chochol"",""R Chaloupka"",""B Kala"",""J Gallo"",""M Netval""} ","COL author_list VAL {""D Chochol"",""R Chaloupka"",""B Kala"",""J Gallo"",""M Netval""} ",0
20,"COL article_title VAL [The use of intravascular nitinol stents in the treatment of subclavian vein compression for thoracic outlet syndrome]. COL article_language VAL pol COL journal_title VAL Nowoczesne biomateria_y jako opatrunki hemostatyczne w chirurgii oszczedzajacej miazsz nerki--model zwierzecy. Doniesienie wstepne. COL jounral_abbreviation VAL  COL journal_issn VAL 0370-0747 COL article_jvolumn VAL 37 COL article_jissue VAL 2 COL article_jcreated_at VAL 1/7/01 COL article_pagination VAL May-51 COL author_list VAL {""Przemys_aw P Szyber"",""Artur Pupka"",""Piotr Szyber"",""Jerzy Garcarek""} ",COL article_title VAL [The use of intravascular nitinol stents in the treatment of subclavian vein compression for thoracic outlet syndrome]. ,0
21,"COL article_title VAL [The use of intravascular nitinol stents in the treatment of subclavian vein compression for thoracic outlet syndrome]. COL article_language VAL pol COL journal_title VAL Nowoczesne biomateria��y jako opatrunki hemostatyczne w chirurgii oszczedzajacej miazsz nerki--model zwierzecy. Doniesienie wstepne. COL jounral_abbreviation VAL  COL journal_issn VAL 0370-0747 COL article_jvolumn VAL 37 COL article_jissue VAL 2 COL article_jcreated_at VAL 1/1/07 COL article_pagination VAL 51-5 COL author_list VAL {""Przemys��aw P Szyber"",""Artur Pupka"",""Piotr Szyber"",""Jerzy Garcarek""} ",COL article_title VAL [The use of intravascular nitinol stents in the treatment of subclavian vein compression for thoracic outlet syndrome]. ,0
22,"COL article_title VAL [The use of intravascular nitinol stents in the treatment of subclavian vein compression for thoracic outlet syndrome]. COL article_language VAL pol COL journal_title VAL Nowoczesne biomateria_y jako opatrunki hemostatyczne w chirurgii oszczedzajacej miazsz nerki--model zwierzecy. Doniesienie wstepne. COL jounral_abbreviation VAL  COL journal_issn VAL 0370-0747 COL article_jvolumn VAL 37 COL article_jissue VAL 2 COL article_jcreated_at VAL 1/7/01 COL article_pagination VAL May-51 COL author_list VAL {""Przemys_aw P Szyber"",""Artur Pupka"",""Piotr Szyber"",""Jerzy Garcarek""} ",COL article_language VAL pol ,0
23,"COL article_title VAL [The use of intravascular nitinol stents in the treatment of subclavian vein compression for thoracic outlet syndrome]. COL article_language VAL pol COL journal_title VAL Nowoczesne biomateria��y jako opatrunki hemostatyczne w chirurgii oszczedzajacej miazsz nerki--model zwierzecy. Doniesienie wstepne. COL jounral_abbreviation VAL  COL journal_issn VAL 0370-0747 COL article_jvolumn VAL 37 COL article_jissue VAL 2 COL article_jcreated_at VAL 1/1/07 COL article_pagination VAL 51-5 COL author_list VAL {""Przemys��aw P Szyber"",""Artur Pupka"",""Piotr Szyber"",""Jerzy Garcarek""} ",COL article_language VAL pol ,0
24,"COL article_title VAL [The use of intravascular nitinol stents in the treatment of subclavian vein compression for thoracic outlet syndrome]. COL article_language VAL pol COL journal_title VAL Nowoczesne biomateria��y jako opatrunki hemostatyczne w chirurgii oszczedzajacej miazsz nerki--model zwierzecy. Doniesienie wstepne. COL jounral_abbreviation VAL  COL journal_issn VAL 0370-0747 COL article_jvolumn VAL 37 COL article_jissue VAL 2 COL article_jcreated_at VAL 1/1/07 COL article_pagination VAL 51-5 COL author_list VAL {""Przemys��aw P Szyber"",""Artur Pupka"",""Piotr Szyber"",""Jerzy Garcarek""} ",COL journal_title VAL Nowoczesne biomateria��y jako opatrunki hemostatyczne w chirurgii oszczedzajacej miazsz nerki--model zwierzecy. Doniesienie wstepne. ,1
25,"COL article_title VAL [The use of intravascular nitinol stents in the treatment of subclavian vein compression for thoracic outlet syndrome]. COL article_language VAL pol COL journal_title VAL Nowoczesne biomateria_y jako opatrunki hemostatyczne w chirurgii oszczedzajacej miazsz nerki--model zwierzecy. Doniesienie wstepne. COL jounral_abbreviation VAL  COL journal_issn VAL 0370-0747 COL article_jvolumn VAL 37 COL article_jissue VAL 2 COL article_jcreated_at VAL 1/7/01 COL article_pagination VAL May-51 COL author_list VAL {""Przemys_aw P Szyber"",""Artur Pupka"",""Piotr Szyber"",""Jerzy Garcarek""} ",COL journal_title VAL Nowoczesne biomateria_y jako opatrunki hemostatyczne w chirurgii oszczedzajacej miazsz nerki--model zwierzecy. Doniesienie wstepne. ,0
26,"COL article_title VAL [The use of intravascular nitinol stents in the treatment of subclavian vein compression for thoracic outlet syndrome]. COL article_language VAL pol COL journal_title VAL Nowoczesne biomateria_y jako opatrunki hemostatyczne w chirurgii oszczedzajacej miazsz nerki--model zwierzecy. Doniesienie wstepne. COL jounral_abbreviation VAL  COL journal_issn VAL 0370-0747 COL article_jvolumn VAL 37 COL article_jissue VAL 2 COL article_jcreated_at VAL 1/7/01 COL article_pagination VAL May-51 COL author_list VAL {""Przemys_aw P Szyber"",""Artur Pupka"",""Piotr Szyber"",""Jerzy Garcarek""} ",COL jounral_abbreviation VAL  ,0
27,"COL article_title VAL [The use of intravascular nitinol stents in the treatment of subclavian vein compression for thoracic outlet syndrome]. COL article_language VAL pol COL journal_title VAL Nowoczesne biomateria��y jako opatrunki hemostatyczne w chirurgii oszczedzajacej miazsz nerki--model zwierzecy. Doniesienie wstepne. COL jounral_abbreviation VAL  COL journal_issn VAL 0370-0747 COL article_jvolumn VAL 37 COL article_jissue VAL 2 COL article_jcreated_at VAL 1/1/07 COL article_pagination VAL 51-5 COL author_list VAL {""Przemys��aw P Szyber"",""Artur Pupka"",""Piotr Szyber"",""Jerzy Garcarek""} ",COL jounral_abbreviation VAL  ,0
28,"COL article_title VAL [The use of intravascular nitinol stents in the treatment of subclavian vein compression for thoracic outlet syndrome]. COL article_language VAL pol COL journal_title VAL Nowoczesne biomateria_y jako opatrunki hemostatyczne w chirurgii oszczedzajacej miazsz nerki--model zwierzecy. Doniesienie wstepne. COL jounral_abbreviation VAL  COL journal_issn VAL 0370-0747 COL article_jvolumn VAL 37 COL article_jissue VAL 2 COL article_jcreated_at VAL 1/7/01 COL article_pagination VAL May-51 COL author_list VAL {""Przemys_aw P Szyber"",""Artur Pupka"",""Piotr Szyber"",""Jerzy Garcarek""} ",COL journal_issn VAL 0370-0747 ,0
29,"COL article_title VAL [The use of intravascular nitinol stents in the treatment of subclavian vein compression for thoracic outlet syndrome]. COL article_language VAL pol COL journal_title VAL Nowoczesne biomateria��y jako opatrunki hemostatyczne w chirurgii oszczedzajacej miazsz nerki--model zwierzecy. Doniesienie wstepne. COL jounral_abbreviation VAL  COL journal_issn VAL 0370-0747 COL article_jvolumn VAL 37 COL article_jissue VAL 2 COL article_jcreated_at VAL 1/1/07 COL article_pagination VAL 51-5 COL author_list VAL {""Przemys��aw P Szyber"",""Artur Pupka"",""Piotr Szyber"",""Jerzy Garcarek""} ",COL journal_issn VAL 0370-0747 ,0
30,"COL article_title VAL [The use of intravascular nitinol stents in the treatment of subclavian vein compression for thoracic outlet syndrome]. COL article_language VAL pol COL journal_title VAL Nowoczesne biomateria_y jako opatrunki hemostatyczne w chirurgii oszczedzajacej miazsz nerki--model zwierzecy. Doniesienie wstepne. COL jounral_abbreviation VAL  COL journal_issn VAL 0370-0747 COL article_jvolumn VAL 37 COL article_jissue VAL 2 COL article_jcreated_at VAL 1/7/01 COL article_pagination VAL May-51 COL author_list VAL {""Przemys_aw P Szyber"",""Artur Pupka"",""Piotr Szyber"",""Jerzy Garcarek""} ",COL article_jvolumn VAL 37 ,0
31,"COL article_title VAL [The use of intravascular nitinol stents in the treatment of subclavian vein compression for thoracic outlet syndrome]. COL article_language VAL pol COL journal_title VAL Nowoczesne biomateria��y jako opatrunki hemostatyczne w chirurgii oszczedzajacej miazsz nerki--model zwierzecy. Doniesienie wstepne. COL jounral_abbreviation VAL  COL journal_issn VAL 0370-0747 COL article_jvolumn VAL 37 COL article_jissue VAL 2 COL article_jcreated_at VAL 1/1/07 COL article_pagination VAL 51-5 COL author_list VAL {""Przemys��aw P Szyber"",""Artur Pupka"",""Piotr Szyber"",""Jerzy Garcarek""} ",COL article_jvolumn VAL 37 ,0
32,"COL article_title VAL [The use of intravascular nitinol stents in the treatment of subclavian vein compression for thoracic outlet syndrome]. COL article_language VAL pol COL journal_title VAL Nowoczesne biomateria_y jako opatrunki hemostatyczne w chirurgii oszczedzajacej miazsz nerki--model zwierzecy. Doniesienie wstepne. COL jounral_abbreviation VAL  COL journal_issn VAL 0370-0747 COL article_jvolumn VAL 37 COL article_jissue VAL 2 COL article_jcreated_at VAL 1/7/01 COL article_pagination VAL May-51 COL author_list VAL {""Przemys_aw P Szyber"",""Artur Pupka"",""Piotr Szyber"",""Jerzy Garcarek""} ",COL article_jissue VAL 2 ,0
33,"COL article_title VAL [The use of intravascular nitinol stents in the treatment of subclavian vein compression for thoracic outlet syndrome]. COL article_language VAL pol COL journal_title VAL Nowoczesne biomateria��y jako opatrunki hemostatyczne w chirurgii oszczedzajacej miazsz nerki--model zwierzecy. Doniesienie wstepne. COL jounral_abbreviation VAL  COL journal_issn VAL 0370-0747 COL article_jvolumn VAL 37 COL article_jissue VAL 2 COL article_jcreated_at VAL 1/1/07 COL article_pagination VAL 51-5 COL author_list VAL {""Przemys��aw P Szyber"",""Artur Pupka"",""Piotr Szyber"",""Jerzy Garcarek""} ",COL article_jissue VAL 2 ,0
34,"COL article_title VAL [The use of intravascular nitinol stents in the treatment of subclavian vein compression for thoracic outlet syndrome]. COL article_language VAL pol COL journal_title VAL Nowoczesne biomateria��y jako opatrunki hemostatyczne w chirurgii oszczedzajacej miazsz nerki--model zwierzecy. Doniesienie wstepne. COL jounral_abbreviation VAL  COL journal_issn VAL 0370-0747 COL article_jvolumn VAL 37 COL article_jissue VAL 2 COL article_jcreated_at VAL 1/1/07 COL article_pagination VAL 51-5 COL author_list VAL {""Przemys��aw P Szyber"",""Artur Pupka"",""Piotr Szyber"",""Jerzy Garcarek""} ",COL article_jcreated_at VAL 1/1/07 ,1
35,"COL article_title VAL [The use of intravascular nitinol stents in the treatment of subclavian vein compression for thoracic outlet syndrome]. COL article_language VAL pol COL journal_title VAL Nowoczesne biomateria_y jako opatrunki hemostatyczne w chirurgii oszczedzajacej miazsz nerki--model zwierzecy. Doniesienie wstepne. COL jounral_abbreviation VAL  COL journal_issn VAL 0370-0747 COL article_jvolumn VAL 37 COL article_jissue VAL 2 COL article_jcreated_at VAL 1/7/01 COL article_pagination VAL May-51 COL author_list VAL {""Przemys_aw P Szyber"",""Artur Pupka"",""Piotr Szyber"",""Jerzy Garcarek""} ",COL article_jcreated_at VAL 1/7/01 ,0
36,"COL article_title VAL [The use of intravascular nitinol stents in the treatment of subclavian vein compression for thoracic outlet syndrome]. COL article_language VAL pol COL journal_title VAL Nowoczesne biomateria��y jako opatrunki hemostatyczne w chirurgii oszczedzajacej miazsz nerki--model zwierzecy. Doniesienie wstepne. COL jounral_abbreviation VAL  COL journal_issn VAL 0370-0747 COL article_jvolumn VAL 37 COL article_jissue VAL 2 COL article_jcreated_at VAL 1/1/07 COL article_pagination VAL 51-5 COL author_list VAL {""Przemys��aw P Szyber"",""Artur Pupka"",""Piotr Szyber"",""Jerzy Garcarek""} ",COL article_pagination VAL 51-5 ,1
37,"COL article_title VAL [The use of intravascular nitinol stents in the treatment of subclavian vein compression for thoracic outlet syndrome]. COL article_language VAL pol COL journal_title VAL Nowoczesne biomateria_y jako opatrunki hemostatyczne w chirurgii oszczedzajacej miazsz nerki--model zwierzecy. Doniesienie wstepne. COL jounral_abbreviation VAL  COL journal_issn VAL 0370-0747 COL article_jvolumn VAL 37 COL article_jissue VAL 2 COL article_jcreated_at VAL 1/7/01 COL article_pagination VAL May-51 COL author_list VAL {""Przemys_aw P Szyber"",""Artur Pupka"",""Piotr Szyber"",""Jerzy Garcarek""} ",COL article_pagination VAL May-51 ,0
38,"COL article_title VAL [The use of intravascular nitinol stents in the treatment of subclavian vein compression for thoracic outlet syndrome]. COL article_language VAL pol COL journal_title VAL Nowoczesne biomateria��y jako opatrunki hemostatyczne w chirurgii oszczedzajacej miazsz nerki--model zwierzecy. Doniesienie wstepne. COL jounral_abbreviation VAL  COL journal_issn VAL 0370-0747 COL article_jvolumn VAL 37 COL article_jissue VAL 2 COL article_jcreated_at VAL 1/1/07 COL article_pagination VAL 51-5 COL author_list VAL {""Przemys��aw P Szyber"",""Artur Pupka"",""Piotr Szyber"",""Jerzy Garcarek""} ","COL author_list VAL {""Przemys��aw P Szyber"",""Artur Pupka"",""Piotr Szyber"",""Jerzy Garcarek""} ",1
39,"COL article_title VAL [The use of intravascular nitinol stents in the treatment of subclavian vein compression for thoracic outlet syndrome]. COL article_language VAL pol COL journal_title VAL Nowoczesne biomateria_y jako opatrunki hemostatyczne w chirurgii oszczedzajacej miazsz nerki--model zwierzecy. Doniesienie wstepne. COL jounral_abbreviation VAL  COL journal_issn VAL 0370-0747 COL article_jvolumn VAL 37 COL article_jissue VAL 2 COL article_jcreated_at VAL 1/7/01 COL article_pagination VAL May-51 COL author_list VAL {""Przemys_aw P Szyber"",""Artur Pupka"",""Piotr Szyber"",""Jerzy Garcarek""} ","COL author_list VAL {""Przemys_aw P Szyber"",""Artur Pupka"",""Piotr Szyber"",""Jerzy Garcarek""} ",0
40,"COL article_title VAL On the role of pre and post-processing in environmental data mining COL article_language VAL  COL journal_title VAL Proc. iEMSs 4th Biennial Meeting - Int. Congress on Environmental Modelling and Software: Integrating Sciences and Information Technology for Environmental Assessment and Decision Making, iEMSs 2008 COL jounral_abbreviation VAL  COL journal_issn VAL 9790000000000 COL article_jvolumn VAL 3 COL article_jissue VAL 0 COL article_jcreated_at VAL 1/8/01 COL article_pagination VAL 1937-1958 COL author_list VAL {""Miquel S_nchez-Marr"",""Geoff Holmes"",""Joaqu_n Izquierdo"",""Joaquim Comas"",""Ioannis Athanasiadis"",""Karina Gibert""} ",COL article_title VAL On the role of pre and post-processing in environmental data mining ,0
41,"COL article_title VAL On the role of pre and post-processing in environmental data mining COL article_language VAL  COL journal_title VAL Proc. iEMSs 4th Biennial Meeting - Int. Congress on Environmental Modelling and Software: Integrating Sciences and Information Technology for Environmental Assessment and Decision Making, iEMSs 2008 COL jounral_abbreviation VAL  COL journal_issn VAL 9788480000000 COL article_jvolumn VAL 3 COL article_jissue VAL 0 COL article_jcreated_at VAL 1/1/08 COL article_pagination VAL 1937-1958 COL author_list VAL {""Miquel S����nchez-Marr���"",""Geoff Holmes"",""Joaqu���_n Izquierdo"",""Joaquim Comas"",""Ioannis Athanasiadis"",""Karina Gibert""} ",COL article_title VAL On the role of pre and post-processing in environmental data mining ,0
42,"COL article_title VAL On the role of pre and post-processing in environmental data mining COL article_language VAL  COL journal_title VAL Proc. iEMSs 4th Biennial Meeting - Int. Congress on Environmental Modelling and Software: Integrating Sciences and Information Technology for Environmental Assessment and Decision Making, iEMSs 2008 COL jounral_abbreviation VAL  COL journal_issn VAL 9790000000000 COL article_jvolumn VAL 3 COL article_jissue VAL 0 COL article_jcreated_at VAL 1/8/01 COL article_pagination VAL 1937-1958 COL author_list VAL {""Miquel S_nchez-Marr"",""Geoff Holmes"",""Joaqu_n Izquierdo"",""Joaquim Comas"",""Ioannis Athanasiadis"",""Karina Gibert""} ",COL article_language VAL  ,0
43,"COL article_title VAL On the role of pre and post-processing in environmental data mining COL article_language VAL  COL journal_title VAL Proc. iEMSs 4th Biennial Meeting - Int. Congress on Environmental Modelling and Software: Integrating Sciences and Information Technology for Environmental Assessment and Decision Making, iEMSs 2008 COL jounral_abbreviation VAL  COL journal_issn VAL 9788480000000 COL article_jvolumn VAL 3 COL article_jissue VAL 0 COL article_jcreated_at VAL 1/1/08 COL article_pagination VAL 1937-1958 COL author_list VAL {""Miquel S����nchez-Marr���"",""Geoff Holmes"",""Joaqu���_n Izquierdo"",""Joaquim Comas"",""Ioannis Athanasiadis"",""Karina Gibert""} ",COL article_language VAL  ,0
44,"COL article_title VAL On the role of pre and post-processing in environmental data mining COL article_language VAL  COL journal_title VAL Proc. iEMSs 4th Biennial Meeting - Int. Congress on Environmental Modelling and Software: Integrating Sciences and Information Technology for Environmental Assessment and Decision Making, iEMSs 2008 COL jounral_abbreviation VAL  COL journal_issn VAL 9790000000000 COL article_jvolumn VAL 3 COL article_jissue VAL 0 COL article_jcreated_at VAL 1/8/01 COL article_pagination VAL 1937-1958 COL author_list VAL {""Miquel S_nchez-Marr"",""Geoff Holmes"",""Joaqu_n Izquierdo"",""Joaquim Comas"",""Ioannis Athanasiadis"",""Karina Gibert""} ","COL journal_title VAL Proc. iEMSs 4th Biennial Meeting - Int. Congress on Environmental Modelling and Software: Integrating Sciences and Information Technology for Environmental Assessment and Decision Making, iEMSs 2008 ",0
45,"COL article_title VAL On the role of pre and post-processing in environmental data mining COL article_language VAL  COL journal_title VAL Proc. iEMSs 4th Biennial Meeting - Int. Congress on Environmental Modelling and Software: Integrating Sciences and Information Technology for Environmental Assessment and Decision Making, iEMSs 2008 COL jounral_abbreviation VAL  COL journal_issn VAL 9788480000000 COL article_jvolumn VAL 3 COL article_jissue VAL 0 COL article_jcreated_at VAL 1/1/08 COL article_pagination VAL 1937-1958 COL author_list VAL {""Miquel S����nchez-Marr���"",""Geoff Holmes"",""Joaqu���_n Izquierdo"",""Joaquim Comas"",""Ioannis Athanasiadis"",""Karina Gibert""} ","COL journal_title VAL Proc. iEMSs 4th Biennial Meeting - Int. Congress on Environmental Modelling and Software: Integrating Sciences and Information Technology for Environmental Assessment and Decision Making, iEMSs 2008 ",0
46,"COL article_title VAL On the role of pre and post-processing in environmental data mining COL article_language VAL  COL journal_title VAL Proc. iEMSs 4th Biennial Meeting - Int. Congress on Environmental Modelling and Software: Integrating Sciences and Information Technology for Environmental Assessment and Decision Making, iEMSs 2008 COL jounral_abbreviation VAL  COL journal_issn VAL 9790000000000 COL article_jvolumn VAL 3 COL article_jissue VAL 0 COL article_jcreated_at VAL 1/8/01 COL article_pagination VAL 1937-1958 COL author_list VAL {""Miquel S_nchez-Marr"",""Geoff Holmes"",""Joaqu_n Izquierdo"",""Joaquim Comas"",""Ioannis Athanasiadis"",""Karina Gibert""} ",COL jounral_abbreviation VAL  ,0
47,"COL article_title VAL On the role of pre and post-processing in environmental data mining COL article_language VAL  COL journal_title VAL Proc. iEMSs 4th Biennial Meeting - Int. Congress on Environmental Modelling and Software: Integrating Sciences and Information Technology for Environmental Assessment and Decision Making, iEMSs 2008 COL jounral_abbreviation VAL  COL journal_issn VAL 9788480000000 COL article_jvolumn VAL 3 COL article_jissue VAL 0 COL article_jcreated_at VAL 1/1/08 COL article_pagination VAL 1937-1958 COL author_list VAL {""Miquel S����nchez-Marr���"",""Geoff Holmes"",""Joaqu���_n Izquierdo"",""Joaquim Comas"",""Ioannis Athanasiadis"",""Karina Gibert""} ",COL jounral_abbreviation VAL  ,0
48,"COL article_title VAL On the role of pre and post-processing in environmental data mining COL article_language VAL  COL journal_title VAL Proc. iEMSs 4th Biennial Meeting - Int. Congress on Environmental Modelling and Software: Integrating Sciences and Information Technology for Environmental Assessment and Decision Making, iEMSs 2008 COL jounral_abbreviation VAL  COL journal_issn VAL 9788480000000 COL article_jvolumn VAL 3 COL article_jissue VAL 0 COL article_jcreated_at VAL 1/1/08 COL article_pagination VAL 1937-1958 COL author_list VAL {""Miquel S����nchez-Marr���"",""Geoff Holmes"",""Joaqu���_n Izquierdo"",""Joaquim Comas"",""Ioannis Athanasiadis"",""Karina Gibert""} ",COL journal_issn VAL 9788480000000 ,1
49,"COL article_title VAL On the role of pre and post-processing in environmental data mining COL article_language VAL  COL journal_title VAL Proc. iEMSs 4th Biennial Meeting - Int. Congress on Environmental Modelling and Software: Integrating Sciences and Information Technology for Environmental Assessment and Decision Making, iEMSs 2008 COL jounral_abbreviation VAL  COL journal_issn VAL 9790000000000 COL article_jvolumn VAL 3 COL article_jissue VAL 0 COL article_jcreated_at VAL 1/8/01 COL article_pagination VAL 1937-1958 COL author_list VAL {""Miquel S_nchez-Marr"",""Geoff Holmes"",""Joaqu_n Izquierdo"",""Joaquim Comas"",""Ioannis Athanasiadis"",""Karina Gibert""} ",COL journal_issn VAL 9790000000000 ,0
50,"COL article_title VAL On the role of pre and post-processing in environmental data mining COL article_language VAL  COL journal_title VAL Proc. iEMSs 4th Biennial Meeting - Int. Congress on Environmental Modelling and Software: Integrating Sciences and Information Technology for Environmental Assessment and Decision Making, iEMSs 2008 COL jounral_abbreviation VAL  COL journal_issn VAL 9790000000000 COL article_jvolumn VAL 3 COL article_jissue VAL 0 COL article_jcreated_at VAL 1/8/01 COL article_pagination VAL 1937-1958 COL author_list VAL {""Miquel S_nchez-Marr"",""Geoff Holmes"",""Joaqu_n Izquierdo"",""Joaquim Comas"",""Ioannis Athanasiadis"",""Karina Gibert""} ",COL article_jvolumn VAL 3 ,0
51,"COL article_title VAL On the role of pre and post-processing in environmental data mining COL article_language VAL  COL journal_title VAL Proc. iEMSs 4th Biennial Meeting - Int. Congress on Environmental Modelling and Software: Integrating Sciences and Information Technology for Environmental Assessment and Decision Making, iEMSs 2008 COL jounral_abbreviation VAL  COL journal_issn VAL 9788480000000 COL article_jvolumn VAL 3 COL article_jissue VAL 0 COL article_jcreated_at VAL 1/1/08 COL article_pagination VAL 1937-1958 COL author_list VAL {""Miquel S����nchez-Marr���"",""Geoff Holmes"",""Joaqu���_n Izquierdo"",""Joaquim Comas"",""Ioannis Athanasiadis"",""Karina Gibert""} ",COL article_jvolumn VAL 3 ,0
52,"COL article_title VAL On the role of pre and post-processing in environmental data mining COL article_language VAL  COL journal_title VAL Proc. iEMSs 4th Biennial Meeting - Int. Congress on Environmental Modelling and Software: Integrating Sciences and Information Technology for Environmental Assessment and Decision Making, iEMSs 2008 COL jounral_abbreviation VAL  COL journal_issn VAL 9790000000000 COL article_jvolumn VAL 3 COL article_jissue VAL 0 COL article_jcreated_at VAL 1/8/01 COL article_pagination VAL 1937-1958 COL author_list VAL {""Miquel S_nchez-Marr"",""Geoff Holmes"",""Joaqu_n Izquierdo"",""Joaquim Comas"",""Ioannis Athanasiadis"",""Karina Gibert""} ",COL article_jissue VAL 0 ,0
53,"COL article_title VAL On the role of pre and post-processing in environmental data mining COL article_language VAL  COL journal_title VAL Proc. iEMSs 4th Biennial Meeting - Int. Congress on Environmental Modelling and Software: Integrating Sciences and Information Technology for Environmental Assessment and Decision Making, iEMSs 2008 COL jounral_abbreviation VAL  COL journal_issn VAL 9788480000000 COL article_jvolumn VAL 3 COL article_jissue VAL 0 COL article_jcreated_at VAL 1/1/08 COL article_pagination VAL 1937-1958 COL author_list VAL {""Miquel S����nchez-Marr���"",""Geoff Holmes"",""Joaqu���_n Izquierdo"",""Joaquim Comas"",""Ioannis Athanasiadis"",""Karina Gibert""} ",COL article_jissue VAL 0 ,0
54,"COL article_title VAL On the role of pre and post-processing in environmental data mining COL article_language VAL  COL journal_title VAL Proc. iEMSs 4th Biennial Meeting - Int. Congress on Environmental Modelling and Software: Integrating Sciences and Information Technology for Environmental Assessment and Decision Making, iEMSs 2008 COL jounral_abbreviation VAL  COL journal_issn VAL 9788480000000 COL article_jvolumn VAL 3 COL article_jissue VAL 0 COL article_jcreated_at VAL 1/1/08 COL article_pagination VAL 1937-1958 COL author_list VAL {""Miquel S����nchez-Marr���"",""Geoff Holmes"",""Joaqu���_n Izquierdo"",""Joaquim Comas"",""Ioannis Athanasiadis"",""Karina Gibert""} ",COL article_jcreated_at VAL 1/1/08 ,1
55,"COL article_title VAL On the role of pre and post-processing in environmental data mining COL article_language VAL  COL journal_title VAL Proc. iEMSs 4th Biennial Meeting - Int. Congress on Environmental Modelling and Software: Integrating Sciences and Information Technology for Environmental Assessment and Decision Making, iEMSs 2008 COL jounral_abbreviation VAL  COL journal_issn VAL 9790000000000 COL article_jvolumn VAL 3 COL article_jissue VAL 0 COL article_jcreated_at VAL 1/8/01 COL article_pagination VAL 1937-1958 COL author_list VAL {""Miquel S_nchez-Marr"",""Geoff Holmes"",""Joaqu_n Izquierdo"",""Joaquim Comas"",""Ioannis Athanasiadis"",""Karina Gibert""} ",COL article_jcreated_at VAL 1/8/01 ,0
56,"COL article_title VAL On the role of pre and post-processing in environmental data mining COL article_language VAL  COL journal_title VAL Proc. iEMSs 4th Biennial Meeting - Int. Congress on Environmental Modelling and Software: Integrating Sciences and Information Technology for Environmental Assessment and Decision Making, iEMSs 2008 COL jounral_abbreviation VAL  COL journal_issn VAL 9790000000000 COL article_jvolumn VAL 3 COL article_jissue VAL 0 COL article_jcreated_at VAL 1/8/01 COL article_pagination VAL 1937-1958 COL author_list VAL {""Miquel S_nchez-Marr"",""Geoff Holmes"",""Joaqu_n Izquierdo"",""Joaquim Comas"",""Ioannis Athanasiadis"",""Karina Gibert""} ",COL article_pagination VAL 1937-1958 ,0
57,"COL article_title VAL On the role of pre and post-processing in environmental data mining COL article_language VAL  COL journal_title VAL Proc. iEMSs 4th Biennial Meeting - Int. Congress on Environmental Modelling and Software: Integrating Sciences and Information Technology for Environmental Assessment and Decision Making, iEMSs 2008 COL jounral_abbreviation VAL  COL journal_issn VAL 9788480000000 COL article_jvolumn VAL 3 COL article_jissue VAL 0 COL article_jcreated_at VAL 1/1/08 COL article_pagination VAL 1937-1958 COL author_list VAL {""Miquel S����nchez-Marr���"",""Geoff Holmes"",""Joaqu���_n Izquierdo"",""Joaquim Comas"",""Ioannis Athanasiadis"",""Karina Gibert""} ",COL article_pagination VAL 1937-1958 ,0
58,"COL article_title VAL On the role of pre and post-processing in environmental data mining COL article_language VAL  COL journal_title VAL Proc. iEMSs 4th Biennial Meeting - Int. Congress on Environmental Modelling and Software: Integrating Sciences and Information Technology for Environmental Assessment and Decision Making, iEMSs 2008 COL jounral_abbreviation VAL  COL journal_issn VAL 9788480000000 COL article_jvolumn VAL 3 COL article_jissue VAL 0 COL article_jcreated_at VAL 1/1/08 COL article_pagination VAL 1937-1958 COL author_list VAL {""Miquel S����nchez-Marr���"",""Geoff Holmes"",""Joaqu���_n Izquierdo"",""Joaquim Comas"",""Ioannis Athanasiadis"",""Karina Gibert""} ","COL author_list VAL {""Miquel S����nchez-Marr���"",""Geoff Holmes"",""Joaqu���_n Izquierdo"",""Joaquim Comas"",""Ioannis Athanasiadis"",""Karina Gibert""} ",1
59,"COL article_title VAL On the role of pre and post-processing in environmental data mining COL article_language VAL  COL journal_title VAL Proc. iEMSs 4th Biennial Meeting - Int. Congress on Environmental Modelling and Software: Integrating Sciences and Information Technology for Environmental Assessment and Decision Making, iEMSs 2008 COL jounral_abbreviation VAL  COL journal_issn VAL 9790000000000 COL article_jvolumn VAL 3 COL article_jissue VAL 0 COL article_jcreated_at VAL 1/8/01 COL article_pagination VAL 1937-1958 COL author_list VAL {""Miquel S_nchez-Marr"",""Geoff Holmes"",""Joaqu_n Izquierdo"",""Joaquim Comas"",""Ioannis Athanasiadis"",""Karina Gibert""} ","COL author_list VAL {""Miquel S_nchez-Marr"",""Geoff Holmes"",""Joaqu_n Izquierdo"",""Joaquim Comas"",""Ioannis Athanasiadis"",""Karina Gibert""} ",0
60,"COL article_title VAL Effet d'une intervention non m̩dicamenteuse, Voix d'Or�, sur les troubles du comportement dans la maladie d'Alzheimer ou une maladie apparent̩e. [Effect of a non-pharmacological intervention, Voix d'Or�, on behavior disturbances in Alzheimer disease and associated disorders.] COL article_language VAL  COL journal_title VAL G̩riatrie et Psychologie Neuropsychiatrie du Vieillissement COL jounral_abbreviation VAL  COL journal_issn VAL 2115-7863(Electronic);2115-8789(Print) COL article_jvolumn VAL 11 COL article_jissue VAL 3 COL article_jcreated_at VAL  COL article_pagination VAL 323-330 COL author_list VAL {""G̩raldine Martin-Gaujard"",""Floriane Delphin-Combe"",""Isabelle Rouch"",""Solveig Relland"",""Pierre Krolak-Salmon""} ","COL article_title VAL Effet d'une intervention non m̩dicamenteuse, Voix d'Or�, sur les troubles du comportement dans la maladie d'Alzheimer ou une maladie apparent̩e. [Effect of a non-pharmacological intervention, Voix d'Or�, on behavior disturbances in Alzheimer disease and associated disorders.] ",1
61,"COL article_title VAL Effet d'une intervention non mdicamenteuse, Voix d'Or, sur les troubles du comportement dans la maladie d'Alzheimer ou une maladie apparente. [Effect of a non-pharmacological intervention, Voix d'Or, on behavior disturbances in Alzheimer disease and associated disorders.] COL article_language VAL  COL journal_title VAL Griatrie et Psychologie Neuropsychiatrie du Vieillissement COL jounral_abbreviation VAL  COL journal_issn VAL 2115-7863(Electronic);2115-8789(Print) COL article_jvolumn VAL 11 COL article_jissue VAL 3 COL article_jcreated_at VAL  COL article_pagination VAL 323-330 COL author_list VAL {""Graldine Martin-Gaujard"",""Floriane Delphin-Combe"",""Isabelle Rouch"",""Solveig Relland"",""Pierre Krolak-Salmon""} ","COL article_title VAL Effet d'une intervention non mdicamenteuse, Voix d'Or, sur les troubles du comportement dans la maladie d'Alzheimer ou une maladie apparente. [Effect of a non-pharmacological intervention, Voix d'Or, on behavior disturbances in Alzheimer disease and associated disorders.] ",0
62,"COL article_title VAL Effet d'une intervention non mdicamenteuse, Voix d'Or, sur les troubles du comportement dans la maladie d'Alzheimer ou une maladie apparente. [Effect of a non-pharmacological intervention, Voix d'Or, on behavior disturbances in Alzheimer disease and associated disorders.] COL article_language VAL  COL journal_title VAL Griatrie et Psychologie Neuropsychiatrie du Vieillissement COL jounral_abbreviation VAL  COL journal_issn VAL 2115-7863(Electronic);2115-8789(Print) COL article_jvolumn VAL 11 COL article_jissue VAL 3 COL article_jcreated_at VAL  COL article_pagination VAL 323-330 COL author_list VAL {""Graldine Martin-Gaujard"",""Floriane Delphin-Combe"",""Isabelle Rouch"",""Solveig Relland"",""Pierre Krolak-Salmon""} ",COL article_language VAL  ,0
63,"COL article_title VAL Effet d'une intervention non m̩dicamenteuse, Voix d'Or�, sur les troubles du comportement dans la maladie d'Alzheimer ou une maladie apparent̩e. [Effect of a non-pharmacological intervention, Voix d'Or�, on behavior disturbances in Alzheimer disease and associated disorders.] COL article_language VAL  COL journal_title VAL G̩riatrie et Psychologie Neuropsychiatrie du Vieillissement COL jounral_abbreviation VAL  COL journal_issn VAL 2115-7863(Electronic);2115-8789(Print) COL article_jvolumn VAL 11 COL article_jissue VAL 3 COL article_jcreated_at VAL  COL article_pagination VAL 323-330 COL author_list VAL {""G̩raldine Martin-Gaujard"",""Floriane Delphin-Combe"",""Isabelle Rouch"",""Solveig Relland"",""Pierre Krolak-Salmon""} ",COL article_language VAL  ,0
64,"COL article_title VAL Effet d'une intervention non m̩dicamenteuse, Voix d'Or�, sur les troubles du comportement dans la maladie d'Alzheimer ou une maladie apparent̩e. [Effect of a non-pharmacological intervention, Voix d'Or�, on behavior disturbances in Alzheimer disease and associated disorders.] COL article_language VAL  COL journal_title VAL G̩riatrie et Psychologie Neuropsychiatrie du Vieillissement COL jounral_abbreviation VAL  COL journal_issn VAL 2115-7863(Electronic);2115-8789(Print) COL article_jvolumn VAL 11 COL article_jissue VAL 3 COL article_jcreated_at VAL  COL article_pagination VAL 323-330 COL author_list VAL {""G̩raldine Martin-Gaujard"",""Floriane Delphin-Combe"",""Isabelle Rouch"",""Solveig Relland"",""Pierre Krolak-Salmon""} ",COL journal_title VAL G̩riatrie et Psychologie Neuropsychiatrie du Vieillissement ,1
65,"COL article_title VAL Effet d'une intervention non mdicamenteuse, Voix d'Or, sur les troubles du comportement dans la maladie d'Alzheimer ou une maladie apparente. [Effect of a non-pharmacological intervention, Voix d'Or, on behavior disturbances in Alzheimer disease and associated disorders.] COL article_language VAL  COL journal_title VAL Griatrie et Psychologie Neuropsychiatrie du Vieillissement COL jounral_abbreviation VAL  COL journal_issn VAL 2115-7863(Electronic);2115-8789(Print) COL article_jvolumn VAL 11 COL article_jissue VAL 3 COL article_jcreated_at VAL  COL article_pagination VAL 323-330 COL author_list VAL {""Graldine Martin-Gaujard"",""Floriane Delphin-Combe"",""Isabelle Rouch"",""Solveig Relland"",""Pierre Krolak-Salmon""} ",COL journal_title VAL Griatrie et Psychologie Neuropsychiatrie du Vieillissement ,0
66,"COL article_title VAL Effet d'une intervention non mdicamenteuse, Voix d'Or, sur les troubles du comportement dans la maladie d'Alzheimer ou une maladie apparente. [Effect of a non-pharmacological intervention, Voix d'Or, on behavior disturbances in Alzheimer disease and associated disorders.] COL article_language VAL  COL journal_title VAL Griatrie et Psychologie Neuropsychiatrie du Vieillissement COL jounral_abbreviation VAL  COL journal_issn VAL 2115-7863(Electronic);2115-8789(Print) COL article_jvolumn VAL 11 COL article_jissue VAL 3 COL article_jcreated_at VAL  COL article_pagination VAL 323-330 COL author_list VAL {""Graldine Martin-Gaujard"",""Floriane Delphin-Combe"",""Isabelle Rouch"",""Solveig Relland"",""Pierre Krolak-Salmon""} ",COL jounral_abbreviation VAL  ,0
67,"COL article_title VAL Effet d'une intervention non m̩dicamenteuse, Voix d'Or�, sur les troubles du comportement dans la maladie d'Alzheimer ou une maladie apparent̩e. [Effect of a non-pharmacological intervention, Voix d'Or�, on behavior disturbances in Alzheimer disease and associated disorders.] COL article_language VAL  COL journal_title VAL G̩riatrie et Psychologie Neuropsychiatrie du Vieillissement COL jounral_abbreviation VAL  COL journal_issn VAL 2115-7863(Electronic);2115-8789(Print) COL article_jvolumn VAL 11 COL article_jissue VAL 3 COL article_jcreated_at VAL  COL article_pagination VAL 323-330 COL author_list VAL {""G̩raldine Martin-Gaujard"",""Floriane Delphin-Combe"",""Isabelle Rouch"",""Solveig Relland"",""Pierre Krolak-Salmon""} ",COL jounral_abbreviation VAL  ,0
68,"COL article_title VAL Effet d'une intervention non mdicamenteuse, Voix d'Or, sur les troubles du comportement dans la maladie d'Alzheimer ou une maladie apparente. [Effect of a non-pharmacological intervention, Voix d'Or, on behavior disturbances in Alzheimer disease and associated disorders.] COL article_language VAL  COL journal_title VAL Griatrie et Psychologie Neuropsychiatrie du Vieillissement COL jounral_abbreviation VAL  COL journal_issn VAL 2115-7863(Electronic);2115-8789(Print) COL article_jvolumn VAL 11 COL article_jissue VAL 3 COL article_jcreated_at VAL  COL article_pagination VAL 323-330 COL author_list VAL {""Graldine Martin-Gaujard"",""Floriane Delphin-Combe"",""Isabelle Rouch"",""Solveig Relland"",""Pierre Krolak-Salmon""} ",COL journal_issn VAL 2115-7863(Electronic);2115-8789(Print) ,0
69,"COL article_title VAL Effet d'une intervention non m̩dicamenteuse, Voix d'Or�, sur les troubles du comportement dans la maladie d'Alzheimer ou une maladie apparent̩e. [Effect of a non-pharmacological intervention, Voix d'Or�, on behavior disturbances in Alzheimer disease and associated disorders.] COL article_language VAL  COL journal_title VAL G̩riatrie et Psychologie Neuropsychiatrie du Vieillissement COL jounral_abbreviation VAL  COL journal_issn VAL 2115-7863(Electronic);2115-8789(Print) COL article_jvolumn VAL 11 COL article_jissue VAL 3 COL article_jcreated_at VAL  COL article_pagination VAL 323-330 COL author_list VAL {""G̩raldine Martin-Gaujard"",""Floriane Delphin-Combe"",""Isabelle Rouch"",""Solveig Relland"",""Pierre Krolak-Salmon""} ",COL journal_issn VAL 2115-7863(Electronic);2115-8789(Print) ,0
70,"COL article_title VAL Effet d'une intervention non mdicamenteuse, Voix d'Or, sur les troubles du comportement dans la maladie d'Alzheimer ou une maladie apparente. [Effect of a non-pharmacological intervention, Voix d'Or, on behavior disturbances in Alzheimer disease and associated disorders.] COL article_language VAL  COL journal_title VAL Griatrie et Psychologie Neuropsychiatrie du Vieillissement COL jounral_abbreviation VAL  COL journal_issn VAL 2115-7863(Electronic);2115-8789(Print) COL article_jvolumn VAL 11 COL article_jissue VAL 3 COL article_jcreated_at VAL  COL article_pagination VAL 323-330 COL author_list VAL {""Graldine Martin-Gaujard"",""Floriane Delphin-Combe"",""Isabelle Rouch"",""Solveig Relland"",""Pierre Krolak-Salmon""} ",COL article_jvolumn VAL 11 ,0
71,"COL article_title VAL Effet d'une intervention non m̩dicamenteuse, Voix d'Or�, sur les troubles du comportement dans la maladie d'Alzheimer ou une maladie apparent̩e. [Effect of a non-pharmacological intervention, Voix d'Or�, on behavior disturbances in Alzheimer disease and associated disorders.] COL article_language VAL  COL journal_title VAL G̩riatrie et Psychologie Neuropsychiatrie du Vieillissement COL jounral_abbreviation VAL  COL journal_issn VAL 2115-7863(Electronic);2115-8789(Print) COL article_jvolumn VAL 11 COL article_jissue VAL 3 COL article_jcreated_at VAL  COL article_pagination VAL 323-330 COL author_list VAL {""G̩raldine Martin-Gaujard"",""Floriane Delphin-Combe"",""Isabelle Rouch"",""Solveig Relland"",""Pierre Krolak-Salmon""} ",COL article_jvolumn VAL 11 ,0
72,"COL article_title VAL Effet d'une intervention non mdicamenteuse, Voix d'Or, sur les troubles du comportement dans la maladie d'Alzheimer ou une maladie apparente. [Effect of a non-pharmacological intervention, Voix d'Or, on behavior disturbances in Alzheimer disease and associated disorders.] COL article_language VAL  COL journal_title VAL Griatrie et Psychologie Neuropsychiatrie du Vieillissement COL jounral_abbreviation VAL  COL journal_issn VAL 2115-7863(Electronic);2115-8789(Print) COL article_jvolumn VAL 11 COL article_jissue VAL 3 COL article_jcreated_at VAL  COL article_pagination VAL 323-330 COL author_list VAL {""Graldine Martin-Gaujard"",""Floriane Delphin-Combe"",""Isabelle Rouch"",""Solveig Relland"",""Pierre Krolak-Salmon""} ",COL article_jissue VAL 3 ,0
73,"COL article_title VAL Effet d'une intervention non m̩dicamenteuse, Voix d'Or�, sur les troubles du comportement dans la maladie d'Alzheimer ou une maladie apparent̩e. [Effect of a non-pharmacological intervention, Voix d'Or�, on behavior disturbances in Alzheimer disease and associated disorders.] COL article_language VAL  COL journal_title VAL G̩riatrie et Psychologie Neuropsychiatrie du Vieillissement COL jounral_abbreviation VAL  COL journal_issn VAL 2115-7863(Electronic);2115-8789(Print) COL article_jvolumn VAL 11 COL article_jissue VAL 3 COL article_jcreated_at VAL  COL article_pagination VAL 323-330 COL author_list VAL {""G̩raldine Martin-Gaujard"",""Floriane Delphin-Combe"",""Isabelle Rouch"",""Solveig Relland"",""Pierre Krolak-Salmon""} ",COL article_jissue VAL 3 ,0
74,"COL article_title VAL Effet d'une intervention non mdicamenteuse, Voix d'Or, sur les troubles du comportement dans la maladie d'Alzheimer ou une maladie apparente. [Effect of a non-pharmacological intervention, Voix d'Or, on behavior disturbances in Alzheimer disease and associated disorders.] COL article_language VAL  COL journal_title VAL Griatrie et Psychologie Neuropsychiatrie du Vieillissement COL jounral_abbreviation VAL  COL journal_issn VAL 2115-7863(Electronic);2115-8789(Print) COL article_jvolumn VAL 11 COL article_jissue VAL 3 COL article_jcreated_at VAL  COL article_pagination VAL 323-330 COL author_list VAL {""Graldine Martin-Gaujard"",""Floriane Delphin-Combe"",""Isabelle Rouch"",""Solveig Relland"",""Pierre Krolak-Salmon""} ",COL article_jcreated_at VAL  ,0
75,"COL article_title VAL Effet d'une intervention non m̩dicamenteuse, Voix d'Or�, sur les troubles du comportement dans la maladie d'Alzheimer ou une maladie apparent̩e. [Effect of a non-pharmacological intervention, Voix d'Or�, on behavior disturbances in Alzheimer disease and associated disorders.] COL article_language VAL  COL journal_title VAL G̩riatrie et Psychologie Neuropsychiatrie du Vieillissement COL jounral_abbreviation VAL  COL journal_issn VAL 2115-7863(Electronic);2115-8789(Print) COL article_jvolumn VAL 11 COL article_jissue VAL 3 COL article_jcreated_at VAL  COL article_pagination VAL 323-330 COL author_list VAL {""G̩raldine Martin-Gaujard"",""Floriane Delphin-Combe"",""Isabelle Rouch"",""Solveig Relland"",""Pierre Krolak-Salmon""} ",COL article_jcreated_at VAL  ,0
76,"COL article_title VAL Effet d'une intervention non mdicamenteuse, Voix d'Or, sur les troubles du comportement dans la maladie d'Alzheimer ou une maladie apparente. [Effect of a non-pharmacological intervention, Voix d'Or, on behavior disturbances in Alzheimer disease and associated disorders.] COL article_language VAL  COL journal_title VAL Griatrie et Psychologie Neuropsychiatrie du Vieillissement COL jounral_abbreviation VAL  COL journal_issn VAL 2115-7863(Electronic);2115-8789(Print) COL article_jvolumn VAL 11 COL article_jissue VAL 3 COL article_jcreated_at VAL  COL article_pagination VAL 323-330 COL author_list VAL {""Graldine Martin-Gaujard"",""Floriane Delphin-Combe"",""Isabelle Rouch"",""Solveig Relland"",""Pierre Krolak-Salmon""} ",COL article_pagination VAL 323-330 ,0
77,"COL article_title VAL Effet d'une intervention non m̩dicamenteuse, Voix d'Or�, sur les troubles du comportement dans la maladie d'Alzheimer ou une maladie apparent̩e. [Effect of a non-pharmacological intervention, Voix d'Or�, on behavior disturbances in Alzheimer disease and associated disorders.] COL article_language VAL  COL journal_title VAL G̩riatrie et Psychologie Neuropsychiatrie du Vieillissement COL jounral_abbreviation VAL  COL journal_issn VAL 2115-7863(Electronic);2115-8789(Print) COL article_jvolumn VAL 11 COL article_jissue VAL 3 COL article_jcreated_at VAL  COL article_pagination VAL 323-330 COL author_list VAL {""G̩raldine Martin-Gaujard"",""Floriane Delphin-Combe"",""Isabelle Rouch"",""Solveig Relland"",""Pierre Krolak-Salmon""} ",COL article_pagination VAL 323-330 ,0
78,"COL article_title VAL Effet d'une intervention non m̩dicamenteuse, Voix d'Or�, sur les troubles du comportement dans la maladie d'Alzheimer ou une maladie apparent̩e. [Effect of a non-pharmacological intervention, Voix d'Or�, on behavior disturbances in Alzheimer disease and associated disorders.] COL article_language VAL  COL journal_title VAL G̩riatrie et Psychologie Neuropsychiatrie du Vieillissement COL jounral_abbreviation VAL  COL journal_issn VAL 2115-7863(Electronic);2115-8789(Print) COL article_jvolumn VAL 11 COL article_jissue VAL 3 COL article_jcreated_at VAL  COL article_pagination VAL 323-330 COL author_list VAL {""G̩raldine Martin-Gaujard"",""Floriane Delphin-Combe"",""Isabelle Rouch"",""Solveig Relland"",""Pierre Krolak-Salmon""} ","COL author_list VAL {""G̩raldine Martin-Gaujard"",""Floriane Delphin-Combe"",""Isabelle Rouch"",""Solveig Relland"",""Pierre Krolak-Salmon""} ",1
79,"COL article_title VAL Effet d'une intervention non mdicamenteuse, Voix d'Or, sur les troubles du comportement dans la maladie d'Alzheimer ou une maladie apparente. [Effect of a non-pharmacological intervention, Voix d'Or, on behavior disturbances in Alzheimer disease and associated disorders.] COL article_language VAL  COL journal_title VAL Griatrie et Psychologie Neuropsychiatrie du Vieillissement COL jounral_abbreviation VAL  COL journal_issn VAL 2115-7863(Electronic);2115-8789(Print) COL article_jvolumn VAL 11 COL article_jissue VAL 3 COL article_jcreated_at VAL  COL article_pagination VAL 323-330 COL author_list VAL {""Graldine Martin-Gaujard"",""Floriane Delphin-Combe"",""Isabelle Rouch"",""Solveig Relland"",""Pierre Krolak-Salmon""} ","COL author_list VAL {""Graldine Martin-Gaujard"",""Floriane Delphin-Combe"",""Isabelle Rouch"",""Solveig Relland"",""Pierre Krolak-Salmon""} ",0
80,"COL article_title VAL Pharmacological treatments for obsessive-compulsive disorder in children and adolescents: a qualitative review. COL article_language VAL eng COL journal_title VAL Actas espaolas de psiquiatr_a COL jounral_abbreviation VAL Actas Esp Psiquiatr COL journal_issn VAL 1578-2735 COL article_jvolumn VAL 41 COL article_jissue VAL 3 COL article_jcreated_at VAL 1/13/05 COL article_pagination VAL 196-203 COL author_list VAL {""Angel Rosa-Alczar"",""Ana I Rosa-Alczar"",""Marina Iniesta-Sep_lveda""} ",COL article_title VAL Pharmacological treatments for obsessive-compulsive disorder in children and adolescents: a qualitative review. ,0
81,"COL article_title VAL Pharmacological treatments for obsessive-compulsive disorder in children and adolescents: a qualitative review. COL article_language VAL eng COL journal_title VAL Actas espa̱olas de psiquiatr�_a COL jounral_abbreviation VAL Actas Esp Psiquiatr COL journal_issn VAL 1578-2735 COL article_jvolumn VAL 41 COL article_jissue VAL 3 COL article_jcreated_at VAL 5/1/13 COL article_pagination VAL 196-203 COL author_list VAL {""Angel Rosa-Alc����zar"",""Ana I Rosa-Alc����zar"",""Marina Iniesta-Sep���lveda""} ",COL article_title VAL Pharmacological treatments for obsessive-compulsive disorder in children and adolescents: a qualitative review. ,0
82,"COL article_title VAL Pharmacological treatments for obsessive-compulsive disorder in children and adolescents: a qualitative review. COL article_language VAL eng COL journal_title VAL Actas espaolas de psiquiatr_a COL jounral_abbreviation VAL Actas Esp Psiquiatr COL journal_issn VAL 1578-2735 COL article_jvolumn VAL 41 COL article_jissue VAL 3 COL article_jcreated_at VAL 1/13/05 COL article_pagination VAL 196-203 COL author_list VAL {""Angel Rosa-Alczar"",""Ana I Rosa-Alczar"",""Marina Iniesta-Sep_lveda""} ",COL article_language VAL eng ,0
83,"COL article_title VAL Pharmacological treatments for obsessive-compulsive disorder in children and adolescents: a qualitative review. COL article_language VAL eng COL journal_title VAL Actas espa̱olas de psiquiatr�_a COL jounral_abbreviation VAL Actas Esp Psiquiatr COL journal_issn VAL 1578-2735 COL article_jvolumn VAL 41 COL article_jissue VAL 3 COL article_jcreated_at VAL 5/1/13 COL article_pagination VAL 196-203 COL author_list VAL {""Angel Rosa-Alc����zar"",""Ana I Rosa-Alc����zar"",""Marina Iniesta-Sep���lveda""} ",COL article_language VAL eng ,0
84,"COL article_title VAL Pharmacological treatments for obsessive-compulsive disorder in children and adolescents: a qualitative review. COL article_language VAL eng COL journal_title VAL Actas espa̱olas de psiquiatr�_a COL jounral_abbreviation VAL Actas Esp Psiquiatr COL journal_issn VAL 1578-2735 COL article_jvolumn VAL 41 COL article_jissue VAL 3 COL article_jcreated_at VAL 5/1/13 COL article_pagination VAL 196-203 COL author_list VAL {""Angel Rosa-Alc����zar"",""Ana I Rosa-Alc����zar"",""Marina Iniesta-Sep���lveda""} ",COL journal_title VAL Actas espa̱olas de psiquiatr�_a ,1
85,"COL article_title VAL Pharmacological treatments for obsessive-compulsive disorder in children and adolescents: a qualitative review. COL article_language VAL eng COL journal_title VAL Actas espaolas de psiquiatr_a COL jounral_abbreviation VAL Actas Esp Psiquiatr COL journal_issn VAL 1578-2735 COL article_jvolumn VAL 41 COL article_jissue VAL 3 COL article_jcreated_at VAL 1/13/05 COL article_pagination VAL 196-203 COL author_list VAL {""Angel Rosa-Alczar"",""Ana I Rosa-Alczar"",""Marina Iniesta-Sep_lveda""} ",COL journal_title VAL Actas espaolas de psiquiatr_a ,0
86,"COL article_title VAL Pharmacological treatments for obsessive-compulsive disorder in children and adolescents: a qualitative review. COL article_language VAL eng COL journal_title VAL Actas espaolas de psiquiatr_a COL jounral_abbreviation VAL Actas Esp Psiquiatr COL journal_issn VAL 1578-2735 COL article_jvolumn VAL 41 COL article_jissue VAL 3 COL article_jcreated_at VAL 1/13/05 COL article_pagination VAL 196-203 COL author_list VAL {""Angel Rosa-Alczar"",""Ana I Rosa-Alczar"",""Marina Iniesta-Sep_lveda""} ",COL jounral_abbreviation VAL Actas Esp Psiquiatr ,0
87,"COL article_title VAL Pharmacological treatments for obsessive-compulsive disorder in children and adolescents: a qualitative review. COL article_language VAL eng COL journal_title VAL Actas espa̱olas de psiquiatr�_a COL jounral_abbreviation VAL Actas Esp Psiquiatr COL journal_issn VAL 1578-2735 COL article_jvolumn VAL 41 COL article_jissue VAL 3 COL article_jcreated_at VAL 5/1/13 COL article_pagination VAL 196-203 COL author_list VAL {""Angel Rosa-Alc����zar"",""Ana I Rosa-Alc����zar"",""Marina Iniesta-Sep���lveda""} ",COL jounral_abbreviation VAL Actas Esp Psiquiatr ,0
88,"COL article_title VAL Pharmacological treatments for obsessive-compulsive disorder in children and adolescents: a qualitative review. COL article_language VAL eng COL journal_title VAL Actas espaolas de psiquiatr_a COL jounral_abbreviation VAL Actas Esp Psiquiatr COL journal_issn VAL 1578-2735 COL article_jvolumn VAL 41 COL article_jissue VAL 3 COL article_jcreated_at VAL 1/13/05 COL article_pagination VAL 196-203 COL author_list VAL {""Angel Rosa-Alczar"",""Ana I Rosa-Alczar"",""Marina Iniesta-Sep_lveda""} ",COL journal_issn VAL 1578-2735 ,0
89,"COL article_title VAL Pharmacological treatments for obsessive-compulsive disorder in children and adolescents: a qualitative review. COL article_language VAL eng COL journal_title VAL Actas espa̱olas de psiquiatr�_a COL jounral_abbreviation VAL Actas Esp Psiquiatr COL journal_issn VAL 1578-2735 COL article_jvolumn VAL 41 COL article_jissue VAL 3 COL article_jcreated_at VAL 5/1/13 COL article_pagination VAL 196-203 COL author_list VAL {""Angel Rosa-Alc����zar"",""Ana I Rosa-Alc����zar"",""Marina Iniesta-Sep���lveda""} ",COL journal_issn VAL 1578-2735 ,0
90,"COL article_title VAL Pharmacological treatments for obsessive-compulsive disorder in children and adolescents: a qualitative review. COL article_language VAL eng COL journal_title VAL Actas espaolas de psiquiatr_a COL jounral_abbreviation VAL Actas Esp Psiquiatr COL journal_issn VAL 1578-2735 COL article_jvolumn VAL 41 COL article_jissue VAL 3 COL article_jcreated_at VAL 1/13/05 COL article_pagination VAL 196-203 COL author_list VAL {""Angel Rosa-Alczar"",""Ana I Rosa-Alczar"",""Marina Iniesta-Sep_lveda""} ",COL article_jvolumn VAL 41 ,0
91,"COL article_title VAL Pharmacological treatments for obsessive-compulsive disorder in children and adolescents: a qualitative review. COL article_language VAL eng COL journal_title VAL Actas espa̱olas de psiquiatr�_a COL jounral_abbreviation VAL Actas Esp Psiquiatr COL journal_issn VAL 1578-2735 COL article_jvolumn VAL 41 COL article_jissue VAL 3 COL article_jcreated_at VAL 5/1/13 COL article_pagination VAL 196-203 COL author_list VAL {""Angel Rosa-Alc����zar"",""Ana I Rosa-Alc����zar"",""Marina Iniesta-Sep���lveda""} ",COL article_jvolumn VAL 41 ,0
92,"COL article_title VAL Pharmacological treatments for obsessive-compulsive disorder in children and adolescents: a qualitative review. COL article_language VAL eng COL journal_title VAL Actas espaolas de psiquiatr_a COL jounral_abbreviation VAL Actas Esp Psiquiatr COL journal_issn VAL 1578-2735 COL article_jvolumn VAL 41 COL article_jissue VAL 3 COL article_jcreated_at VAL 1/13/05 COL article_pagination VAL 196-203 COL author_list VAL {""Angel Rosa-Alczar"",""Ana I Rosa-Alczar"",""Marina Iniesta-Sep_lveda""} ",COL article_jissue VAL 3 ,0
93,"COL article_title VAL Pharmacological treatments for obsessive-compulsive disorder in children and adolescents: a qualitative review. COL article_language VAL eng COL journal_title VAL Actas espa̱olas de psiquiatr�_a COL jounral_abbreviation VAL Actas Esp Psiquiatr COL journal_issn VAL 1578-2735 COL article_jvolumn VAL 41 COL article_jissue VAL 3 COL article_jcreated_at VAL 5/1/13 COL article_pagination VAL 196-203 COL author_list VAL {""Angel Rosa-Alc����zar"",""Ana I Rosa-Alc����zar"",""Marina Iniesta-Sep���lveda""} ",COL article_jissue VAL 3 ,0
94,"COL article_title VAL Pharmacological treatments for obsessive-compulsive disorder in children and adolescents: a qualitative review. COL article_language VAL eng COL journal_title VAL Actas espa̱olas de psiquiatr�_a COL jounral_abbreviation VAL Actas Esp Psiquiatr COL journal_issn VAL 1578-2735 COL article_jvolumn VAL 41 COL article_jissue VAL 3 COL article_jcreated_at VAL 5/1/13 COL article_pagination VAL 196-203 COL author_list VAL {""Angel Rosa-Alc����zar"",""Ana I Rosa-Alc����zar"",""Marina Iniesta-Sep���lveda""} ",COL article_jcreated_at VAL 5/1/13 ,1
95,"COL article_title VAL Pharmacological treatments for obsessive-compulsive disorder in children and adolescents: a qualitative review. COL article_language VAL eng COL journal_title VAL Actas espaolas de psiquiatr_a COL jounral_abbreviation VAL Actas Esp Psiquiatr COL journal_issn VAL 1578-2735 COL article_jvolumn VAL 41 COL article_jissue VAL 3 COL article_jcreated_at VAL 1/13/05 COL article_pagination VAL 196-203 COL author_list VAL {""Angel Rosa-Alczar"",""Ana I Rosa-Alczar"",""Marina Iniesta-Sep_lveda""} ",COL article_jcreated_at VAL 1/13/05 ,0
96,"COL article_title VAL Pharmacological treatments for obsessive-compulsive disorder in children and adolescents: a qualitative review. COL article_language VAL eng COL journal_title VAL Actas espaolas de psiquiatr_a COL jounral_abbreviation VAL Actas Esp Psiquiatr COL journal_issn VAL 1578-2735 COL article_jvolumn VAL 41 COL article_jissue VAL 3 COL article_jcreated_at VAL 1/13/05 COL article_pagination VAL 196-203 COL author_list VAL {""Angel Rosa-Alczar"",""Ana I Rosa-Alczar"",""Marina Iniesta-Sep_lveda""} ",COL article_pagination VAL 196-203 ,0
97,"COL article_title VAL Pharmacological treatments for obsessive-compulsive disorder in children and adolescents: a qualitative review. COL article_language VAL eng COL journal_title VAL Actas espa̱olas de psiquiatr�_a COL jounral_abbreviation VAL Actas Esp Psiquiatr COL journal_issn VAL 1578-2735 COL article_jvolumn VAL 41 COL article_jissue VAL 3 COL article_jcreated_at VAL 5/1/13 COL article_pagination VAL 196-203 COL author_list VAL {""Angel Rosa-Alc����zar"",""Ana I Rosa-Alc����zar"",""Marina Iniesta-Sep���lveda""} ",COL article_pagination VAL 196-203 ,0
98,"COL article_title VAL Pharmacological treatments for obsessive-compulsive disorder in children and adolescents: a qualitative review. COL article_language VAL eng COL journal_title VAL Actas espa̱olas de psiquiatr�_a COL jounral_abbreviation VAL Actas Esp Psiquiatr COL journal_issn VAL 1578-2735 COL article_jvolumn VAL 41 COL article_jissue VAL 3 COL article_jcreated_at VAL 5/1/13 COL article_pagination VAL 196-203 COL author_list VAL {""Angel Rosa-Alc����zar"",""Ana I Rosa-Alc����zar"",""Marina Iniesta-Sep���lveda""} ","COL author_list VAL {""Angel Rosa-Alc����zar"",""Ana I Rosa-Alc����zar"",""Marina Iniesta-Sep���lveda""} ",1
99,"COL article_title VAL Pharmacological treatments for obsessive-compulsive disorder in children and adolescents: a qualitative review. COL article_language VAL eng COL journal_title VAL Actas espaolas de psiquiatr_a COL jounral_abbreviation VAL Actas Esp Psiquiatr COL journal_issn VAL 1578-2735 COL article_jvolumn VAL 41 COL article_jissue VAL 3 COL article_jcreated_at VAL 1/13/05 COL article_pagination VAL 196-203 COL author_list VAL {""Angel Rosa-Alczar"",""Ana I Rosa-Alczar"",""Marina Iniesta-Sep_lveda""} ","COL author_list VAL {""Angel Rosa-Alczar"",""Ana I Rosa-Alczar"",""Marina Iniesta-Sep_lveda""} ",0
